Date/Time,Air Temperature,Temperature,BPM,Sys,Dias,Activity
7/1/2022 0:00,31,36.21722626,66.8,101,66,Sleeping
7/1/2022 1:00,31,36.22868697,66.8,103,67,Sleeping
7/1/2022 2:00,30,36.14713438,66.8,102,66,Sleeping
7/1/2022 3:00,30,36.12932874,65.8,102,65,Sleeping
7/1/2022 4:00,30,36.14311518,65.8,103,66,Sleeping
7/1/2022 5:00,30,35.89057398,65.8,102,65,Sleeping
7/1/2022 6:00,30,35.89171248,65.8,104,67,Sleeping
7/1/2022 7:00,30,35.91431549,65.8,101,65,Sleeping
7/1/2022 8:00,30,36.51100112,80.4611,106.5,68.5,Sitting
7/1/2022 9:00,31,36.64885928,131.6,107.89,73.21,Walking
7/1/2022 10:00,32,36.63806508,79.4611,106.5,68.5,Sitting
7/1/2022 11:00,33,36.57914753,79.4611,108.5,69.5,Sitting
7/1/2022 12:00,33,36.6752593,79.4611,109.5,71.5,Sitting
7/1/2022 13:00,34,36.85382457,131.6,107.89,73.21,Walking
7/1/2022 14:00,35,36.39365795,80.4611,107.5,69.5,Sitting
7/1/2022 15:00,35,36.37675639,80.4611,106.5,70.5,Sitting
7/1/2022 16:00,35,36.73269836,79.4611,107.5,68.5,Sitting
7/1/2022 17:00,34,36.70896028,130.6,109.89,73.21,Walking
7/1/2022 18:00,34,36.68621174,131.6,107.89,70.21,Walking
7/1/2022 19:00,33,36.4681471,80.4611,108.5,71.5,Sitting
7/1/2022 20:00,32,36.75610919,80.4611,106.5,68.5,Sitting
7/1/2022 21:00,31,36.78059685,131.6,107.89,73.21,Walking
7/1/2022 22:00,31,36.51448841,80.4611,108.5,70.5,Sitting
7/1/2022 23:00,31,35.976688,66.8,102,65,Sleeping
7/2/2022 0:00,31,36.04578918,66.8,104,66,Sleeping
7/2/2022 1:00,31,36.02701829,65.8,101,65,Sleeping
7/2/2022 2:00,31,36.12414319,66.8,102,67,Sleeping
7/2/2022 3:00,31,36.14313842,66.8,103,66,Sleeping
7/2/2022 4:00,30,36.14323391,65.8,104,66,Sleeping
7/2/2022 5:00,30,36.02887775,65.8,104,66,Sleeping
7/2/2022 6:00,30,35.90363267,65.8,104,68,Sleeping
7/2/2022 7:00,30,35.98206743,65.8,103,65,Sleeping
7/2/2022 8:00,30,36.09904106,66.8,101,67,Sleeping
7/2/2022 9:00,31,36.2292559,65.8,101,68,Sleeping
7/2/2022 10:00,32,36.05246914,65.8,104,68,Sleeping
7/2/2022 11:00,33,36.46814567,80.4611,109.5,68.5,Sitting
7/2/2022 12:00,33,36.73829751,130.6,109.89,72.21,Walking
7/2/2022 13:00,33,36.75626114,130.6,109.89,70.21,Walking
7/2/2022 14:00,33,36.74148649,79.4611,106.5,71.5,Sitting
7/2/2022 15:00,34,36.42088945,80.4611,109.5,71.5,Sitting
7/2/2022 16:00,33,36.07519505,66.8,102,67,Sleeping
7/2/2022 17:00,33,36.68923795,79.4611,106.5,71.5,Sitting
7/2/2022 18:00,33,36.8301569,131.6,110.89,71.21,Walking
7/2/2022 19:00,32,36.81185651,131.6,107.89,73.21,Walking
7/2/2022 20:00,32,36.70202292,80.4611,107.5,70.5,Sitting
7/2/2022 21:00,31,36.60619445,80.4611,109.5,69.5,Sitting
7/2/2022 22:00,31,36.58335344,80.4611,109.5,70.5,Sitting
7/2/2022 23:00,31,36.69928702,80.4611,107.5,68.5,Sitting
7/3/2022 0:00,31,36.97401239,131.6,107.89,71.21,Walking
7/3/2022 1:00,31,36.72378202,79.4611,107.5,68.5,Sitting
7/3/2022 2:00,31,36.43025924,79.4611,106.5,69.5,Sitting
7/3/2022 3:00,31,35.98417435,65.8,102,66,Sleeping
7/3/2022 4:00,30,36.18173958,65.8,101,66,Sleeping
7/3/2022 5:00,30,36.09106972,66.8,104,67,Sleeping
7/3/2022 6:00,30,35.94858005,65.8,104,65,Sleeping
7/3/2022 7:00,30,36.26739587,66.8,104,68,Sleeping
7/3/2022 8:00,29,36.1379302,65.8,102,65,Sleeping
7/3/2022 9:00,31,36.21498179,65.8,102,68,Sleeping
7/3/2022 10:00,32,36.00563774,66.8,103,67,Sleeping
7/3/2022 11:00,32,36.03738511,65.8,104,68,Sleeping
7/3/2022 12:00,33,35.89315106,66.8,103,67,Sleeping
7/3/2022 13:00,34,36.84434883,131.6,108.89,72.21,Walking
7/3/2022 14:00,34,36.58150332,80.4611,106.5,71.5,Sitting
7/3/2022 15:00,34,36.52225618,79.4611,109.5,69.5,Sitting
7/3/2022 16:00,34,36.49799625,80.4611,108.5,69.5,Sitting
7/3/2022 17:00,33,36.49363675,80.4611,109.5,69.5,Sitting
7/3/2022 18:00,33,36.80091216,130.6,110.89,71.21,Walking
7/3/2022 19:00,32,36.57053294,80.4611,106.5,71.5,Sitting
7/3/2022 20:00,32,36.52365499,79.4611,108.5,71.5,Sitting
7/3/2022 21:00,31,36.60935326,80.4611,106.5,68.5,Sitting
7/3/2022 22:00,31,36.66195448,80.4611,106.5,71.5,Sitting
7/3/2022 23:00,31,36.16571987,66.8,101,67,Sleeping
7/4/2022 0:00,31,36.05305922,65.8,103,68,Sleeping
7/4/2022 1:00,31,36.0688909,65.8,104,66,Sleeping
7/4/2022 2:00,31,35.90776794,65.8,103,67,Sleeping
7/4/2022 3:00,30,36.08898499,65.8,104,67,Sleeping
7/4/2022 4:00,30,36.04842224,65.8,104,67,Sleeping
7/4/2022 5:00,30,36.26191531,65.8,101,66,Sleeping
7/4/2022 6:00,30,35.94902687,66.8,101,66,Sleeping
7/4/2022 7:00,30,35.91246772,66.8,102,68,Sleeping
7/4/2022 8:00,30,36.69911252,79.4611,108.5,69.5,Sitting
7/4/2022 9:00,31,36.7053632,130.6,107.89,70.21,Walking
7/4/2022 10:00,32,36.76892481,79.4611,109.5,70.5,Sitting
7/4/2022 11:00,32,36.58522065,79.4611,107.5,71.5,Sitting
7/4/2022 12:00,33,36.6079762,80.4611,109.5,70.5,Sitting
7/4/2022 13:00,34,36.72141865,80.4611,106.5,70.5,Sitting
7/4/2022 14:00,34,36.53827974,79.4611,109.5,69.5,Sitting
7/4/2022 15:00,33,36.76680169,131.6,109.89,71.21,Walking
7/4/2022 16:00,32,36.92665856,131.6,107.89,73.21,Walking
7/4/2022 17:00,32,36.74068845,131.6,109.89,73.21,Walking
7/4/2022 18:00,32,36.73667145,131.6,107.89,73.21,Walking
7/4/2022 19:00,31,36.4383604,79.4611,108.5,70.5,Sitting
7/4/2022 20:00,30,36.73149437,79.4611,108.5,68.5,Sitting
7/4/2022 21:00,29,36.88719332,130.6,109.89,72.21,Walking
7/4/2022 22:00,29,36.53870364,80.4611,108.5,70.5,Sitting
7/4/2022 23:00,28,36.17460801,65.8,104,68,Sleeping
7/5/2022 0:00,28,35.92470872,65.8,104,65,Sleeping
7/5/2022 1:00,28,36.02066256,65.8,103,67,Sleeping
7/5/2022 2:00,28,36.22280941,66.8,104,68,Sleeping
7/5/2022 3:00,28,36.09210632,66.8,101,68,Sleeping
7/5/2022 4:00,29,36.12888654,66.8,104,67,Sleeping
7/5/2022 5:00,29,36.13043418,66.8,101,68,Sleeping
7/5/2022 6:00,29,35.91996724,65.8,104,65,Sleeping
7/5/2022 7:00,29,36.19437875,65.8,102,68,Sleeping
7/5/2022 8:00,29,36.56535226,80.4611,108.5,69.5,Sitting
7/5/2022 9:00,29,36.9430364,131.6,109.89,70.21,Walking
7/5/2022 10:00,31,36.4728068,79.4611,106.5,70.5,Sitting
7/5/2022 11:00,31,36.43216058,79.4611,108.5,69.5,Sitting
7/5/2022 12:00,32,36.41144142,79.4611,106.5,68.5,Sitting
7/5/2022 13:00,33,36.96355536,130.6,110.89,73.21,Walking
7/5/2022 14:00,33,36.74472056,80.4611,106.5,71.5,Sitting
7/5/2022 15:00,33,36.38708951,79.4611,106.5,71.5,Sitting
7/5/2022 16:00,33,36.4825809,80.4611,106.5,71.5,Sitting
7/5/2022 17:00,31,37.01523095,130.6,109.89,70.21,Walking
7/5/2022 18:00,30,36.77646041,131.6,108.89,71.21,Walking
7/5/2022 19:00,30,36.65768519,80.4611,109.5,70.5,Sitting
7/5/2022 20:00,30,36.72792843,80.4611,107.5,68.5,Sitting
7/5/2022 21:00,29,36.82089519,131.6,107.89,71.21,Walking
7/5/2022 22:00,29,36.53135283,79.4611,106.5,70.5,Sitting
7/5/2022 23:00,29,35.88734414,66.8,102,66,Sleeping
7/6/2022 0:00,29,36.21034498,66.8,101,67,Sleeping
7/6/2022 1:00,30,35.88490895,65.8,104,65,Sleeping
7/6/2022 2:00,30,36.17570908,66.8,104,68,Sleeping
7/6/2022 3:00,30,35.98393665,66.8,102,66,Sleeping
7/6/2022 4:00,29,36.10953028,66.8,102,68,Sleeping
7/6/2022 5:00,29,36.15521513,66.8,103,68,Sleeping
7/6/2022 6:00,29,35.96217985,66.8,102,65,Sleeping
7/6/2022 7:00,28,36.10793453,65.8,102,68,Sleeping
7/6/2022 8:00,28,36.65628303,79.4611,106.5,68.5,Sitting
7/6/2022 9:00,28,36.79276401,131.6,109.89,72.21,Walking
7/6/2022 10:00,29,36.58253444,80.4611,108.5,71.5,Sitting
7/6/2022 11:00,30,36.42443418,80.4611,108.5,71.5,Sitting
7/6/2022 12:00,31,36.75856844,80.4611,107.5,71.5,Sitting
7/6/2022 13:00,31,36.65799594,131.6,109.89,71.21,Walking
7/6/2022 14:00,32,36.67882709,130.6,107.89,72.21,Walking
7/6/2022 15:00,32,36.45409881,79.4611,107.5,68.5,Sitting
7/6/2022 16:00,32,36.83032344,131.6,109.89,71.21,Walking
7/6/2022 17:00,32,36.75394205,131.6,109.89,71.21,Walking
7/6/2022 18:00,30,36.95624078,130.6,110.89,71.21,Walking
7/6/2022 19:00,30,36.63679588,79.4611,107.5,68.5,Sitting
7/6/2022 20:00,30,36.47289276,79.4611,107.5,70.5,Sitting
7/6/2022 21:00,29,37.01379628,131.6,109.89,72.21,Walking
7/6/2022 22:00,28,36.64677399,79.4611,107.5,69.5,Sitting
7/6/2022 23:00,29,36.1390496,65.8,102,68,Sleeping
7/7/2022 0:00,29,36.16570023,66.8,104,68,Sleeping
7/7/2022 1:00,29,36.14424829,66.8,102,66,Sleeping
7/7/2022 2:00,29,36.10602847,65.8,104,66,Sleeping
7/7/2022 3:00,29,35.94640321,66.8,104,65,Sleeping
7/7/2022 4:00,29,35.89121032,65.8,103,65,Sleeping
7/7/2022 5:00,29,35.9621565,65.8,104,67,Sleeping
7/7/2022 6:00,28,36.16026173,66.8,103,67,Sleeping
7/7/2022 7:00,28,35.96581883,65.8,103,68,Sleeping
7/7/2022 8:00,28,36.5612737,79.4611,109.5,68.5,Sitting
7/7/2022 9:00,29,36.72777863,130.6,110.89,72.21,Walking
7/7/2022 10:00,29,36.75480467,79.4611,107.5,68.5,Sitting
7/7/2022 11:00,30,36.71461894,79.4611,107.5,71.5,Sitting
7/7/2022 12:00,30,36.62876395,79.4611,106.5,71.5,Sitting
7/7/2022 13:00,32,36.99215411,130.6,107.89,71.21,Walking
7/7/2022 14:00,32,36.79218761,131.6,108.89,71.21,Walking
7/7/2022 15:00,32,36.75989756,79.4611,107.5,68.5,Sitting
7/7/2022 16:00,30,36.7735687,131.6,107.89,71.21,Walking
7/7/2022 17:00,29,36.79851372,131.6,110.89,71.21,Walking
7/7/2022 18:00,30,36.67832798,131.6,109.89,71.21,Walking
7/7/2022 19:00,30,36.53456963,80.4611,109.5,71.5,Sitting
7/7/2022 20:00,30,36.5275285,80.4611,106.5,71.5,Sitting
7/7/2022 21:00,30,36.69143864,131.6,110.89,70.21,Walking
7/7/2022 22:00,30,36.7385078,79.4611,106.5,69.5,Sitting
7/7/2022 23:00,29,36.75308527,79.4611,108.5,71.5,Sitting
7/8/2022 0:00,29,35.92587808,65.8,103,67,Sleeping
7/8/2022 1:00,28,36.04705667,66.8,102,68,Sleeping
7/8/2022 2:00,28,36.18460953,65.8,104,67,Sleeping
7/8/2022 3:00,28,36.04005616,66.8,101,68,Sleeping
7/8/2022 4:00,27,36.1436606,66.8,104,66,Sleeping
7/8/2022 5:00,27,35.99290625,66.8,104,67,Sleeping
7/8/2022 6:00,28,36.22721372,65.8,102,67,Sleeping
7/8/2022 7:00,27,36.05023611,66.8,102,68,Sleeping
7/8/2022 8:00,28,36.56488917,79.4611,107.5,70.5,Sitting
7/8/2022 9:00,28,36.96508069,131.6,110.89,72.21,Walking
7/8/2022 10:00,29,36.72717642,80.4611,108.5,70.5,Sitting
7/8/2022 11:00,30,36.5577044,80.4611,106.5,70.5,Sitting
7/8/2022 12:00,31,36.48603382,79.4611,106.5,71.5,Sitting
7/8/2022 13:00,31,36.69541438,79.4611,108.5,68.5,Sitting
7/8/2022 14:00,31,36.60319316,79.4611,108.5,68.5,Sitting
7/8/2022 15:00,32,36.84805774,130.6,109.89,72.21,Walking
7/8/2022 16:00,31,36.83739958,130.6,108.89,71.21,Walking
7/8/2022 17:00,30,36.9062816,130.6,109.89,72.21,Walking
7/8/2022 18:00,29,36.73407267,131.6,107.89,72.21,Walking
7/8/2022 19:00,28,36.47172118,79.4611,109.5,70.5,Sitting
7/8/2022 20:00,27,36.72747668,80.4611,109.5,70.5,Sitting
7/8/2022 21:00,26,36.6932741,130.6,107.89,71.21,Walking
7/8/2022 22:00,26,36.66889587,80.4611,107.5,68.5,Sitting
7/8/2022 23:00,27,36.63091545,131.6,109.89,72.21,Walking
7/9/2022 0:00,26,36.6928836,131.6,109.89,73.21,Walking
7/9/2022 1:00,26,36.23354326,66.8,102,65,Sleeping
7/9/2022 2:00,27,35.97416399,65.8,103,68,Sleeping
7/9/2022 3:00,27,36.19568582,66.8,104,67,Sleeping
7/9/2022 4:00,26,36.02442749,66.8,102,65,Sleeping
7/9/2022 5:00,26,36.26108607,65.8,102,68,Sleeping
7/9/2022 6:00,27,36.20089466,65.8,101,65,Sleeping
7/9/2022 7:00,27,36.88718226,130.6,108.89,73.21,Walking
7/9/2022 8:00,27,36.71396741,131.6,110.89,72.21,Walking
7/9/2022 9:00,28,36.48341335,79.4611,107.5,68.5,Sitting
7/9/2022 10:00,29,36.76491635,79.4611,106.5,68.5,Sitting
7/9/2022 11:00,29,36.37729994,80.4611,109.5,68.5,Sitting
7/9/2022 12:00,29,36.90918943,131.6,108.89,71.21,Walking
7/9/2022 13:00,30,36.90409989,131.6,110.89,70.21,Walking
7/9/2022 14:00,30,36.85890051,131.6,110.89,73.21,Walking
7/9/2022 15:00,29,35.98215782,66.8,104,68,Sleeping
7/9/2022 16:00,29,36.23748392,65.8,101,65,Sleeping
7/9/2022 17:00,28,36.45866349,79.4611,109.5,70.5,Sitting
7/9/2022 18:00,28,36.9011197,131.6,109.89,72.21,Walking
7/9/2022 19:00,28,36.74190182,131.6,109.89,72.21,Walking
7/9/2022 20:00,28,36.46452851,79.4611,106.5,69.5,Sitting
7/9/2022 21:00,28,36.65569535,80.4611,108.5,71.5,Sitting
7/9/2022 22:00,28,36.43971778,80.4611,108.5,68.5,Sitting
7/9/2022 23:00,28,36.62197477,131.6,110.89,73.21,Walking
7/10/2022 0:00,28,36.85002459,131.6,107.89,70.21,Walking
7/10/2022 1:00,28,35.94596238,65.8,102,68,Sleeping
7/10/2022 2:00,28,36.25899834,66.8,104,67,Sleeping
7/10/2022 3:00,28,36.19881759,65.8,103,65,Sleeping
7/10/2022 4:00,27,36.25596599,66.8,104,67,Sleeping
7/10/2022 5:00,27,36.24965428,65.8,102,65,Sleeping
7/10/2022 6:00,27,36.14196625,65.8,103,66,Sleeping
7/10/2022 7:00,28,36.1484151,66.8,104,65,Sleeping
7/10/2022 8:00,28,35.9513564,66.8,103,68,Sleeping
7/10/2022 9:00,29,36.00682443,65.8,101,68,Sleeping
7/10/2022 10:00,29,36.16792587,66.8,103,66,Sleeping
7/10/2022 11:00,30,36.71854077,130.6,110.89,73.21,Walking
7/10/2022 12:00,30,36.39800861,80.4611,106.5,68.5,Sitting
7/10/2022 13:00,30,36.77238718,130.6,110.89,70.21,Walking
7/10/2022 14:00,29,36.67831531,131.6,110.89,72.21,Walking
7/10/2022 15:00,30,36.54927057,79.4611,106.5,69.5,Sitting
7/10/2022 16:00,30,36.6569875,79.4611,109.5,68.5,Sitting
7/10/2022 17:00,29,36.67902457,79.4611,108.5,71.5,Sitting
7/10/2022 18:00,29,36.89373115,130.6,108.89,71.21,Walking
7/10/2022 19:00,29,36.45977983,80.4611,106.5,71.5,Sitting
7/10/2022 20:00,29,36.90110564,130.6,107.89,70.21,Walking
7/10/2022 21:00,28,36.92119121,130.6,109.89,73.21,Walking
7/10/2022 22:00,28,36.75781884,80.4611,107.5,69.5,Sitting
7/10/2022 23:00,28,36.08373115,65.8,103,68,Sleeping
7/11/2022 0:00,28,36.09246235,65.8,103,65,Sleeping
7/11/2022 1:00,28,35.96795284,65.8,104,65,Sleeping
7/11/2022 2:00,28,35.90197263,66.8,102,67,Sleeping
7/11/2022 3:00,28,35.94063373,65.8,103,65,Sleeping
7/11/2022 4:00,27,36.02195046,65.8,104,67,Sleeping
7/11/2022 5:00,27,36.04882939,66.8,101,66,Sleeping
7/11/2022 6:00,27,36.26472102,65.8,101,65,Sleeping
7/11/2022 7:00,27,36.19081789,66.8,104,68,Sleeping
7/11/2022 8:00,27,36.68537986,80.4611,109.5,68.5,Sitting
7/11/2022 9:00,28,36.76022748,130.6,108.89,71.21,Walking
7/11/2022 10:00,29,36.51504102,80.4611,109.5,68.5,Sitting
7/11/2022 11:00,30,36.58664994,80.4611,107.5,70.5,Sitting
7/11/2022 12:00,30,36.90426928,130.6,110.89,70.21,Walking
7/11/2022 13:00,30,36.75681955,131.6,107.89,70.21,Walking
7/11/2022 14:00,30,36.68257288,80.4611,109.5,68.5,Sitting
7/11/2022 15:00,30,36.76487898,79.4611,108.5,69.5,Sitting
7/11/2022 16:00,30,36.57783034,79.4611,109.5,71.5,Sitting
7/11/2022 17:00,29,36.73373277,131.6,110.89,71.21,Walking
7/11/2022 18:00,30,36.68335269,131.6,108.89,72.21,Walking
7/11/2022 19:00,30,36.70833018,79.4611,109.5,68.5,Sitting
7/11/2022 20:00,29,36.39418805,80.4611,108.5,70.5,Sitting
7/11/2022 21:00,28,36.96387107,131.6,108.89,73.21,Walking
7/11/2022 22:00,28,36.61606439,79.4611,108.5,69.5,Sitting
7/11/2022 23:00,28,36.49370417,79.4611,107.5,68.5,Sitting
7/12/2022 0:00,28,35.90274076,65.8,101,68,Sleeping
7/12/2022 1:00,28,36.25355534,65.8,102,65,Sleeping
7/12/2022 2:00,28,36.03252314,65.8,101,66,Sleeping
7/12/2022 3:00,28,35.99490324,65.8,104,66,Sleeping
7/12/2022 4:00,28,36.10985403,65.8,101,68,Sleeping
7/12/2022 5:00,28,35.98855726,65.8,102,66,Sleeping
7/12/2022 6:00,28,36.2237899,65.8,104,67,Sleeping
7/12/2022 7:00,27,35.89678379,65.8,103,67,Sleeping
7/12/2022 8:00,28,36.51686764,80.4611,106.5,69.5,Sitting
7/12/2022 9:00,28,36.85339168,131.6,107.89,70.21,Walking
7/12/2022 10:00,29,36.43803524,80.4611,107.5,71.5,Sitting
7/12/2022 11:00,29,36.64243574,79.4611,109.5,68.5,Sitting
7/12/2022 12:00,29,36.62017544,80.4611,107.5,68.5,Sitting
7/12/2022 13:00,30,36.82035455,130.6,108.89,70.21,Walking
7/12/2022 14:00,31,36.75394998,80.4611,108.5,71.5,Sitting
7/12/2022 15:00,31,36.64890869,130.6,107.89,70.21,Walking
7/12/2022 16:00,30,36.87448956,131.6,108.89,73.21,Walking
7/12/2022 17:00,30,36.52406557,79.4611,109.5,70.5,Sitting
7/12/2022 18:00,30,36.90338103,130.6,107.89,72.21,Walking
7/12/2022 19:00,30,36.60479045,79.4611,108.5,71.5,Sitting
7/12/2022 20:00,30,36.68416868,80.4611,107.5,71.5,Sitting
7/12/2022 21:00,29,36.95397759,130.6,110.89,71.21,Walking
7/12/2022 22:00,29,36.73608336,79.4611,109.5,69.5,Sitting
7/12/2022 23:00,29,36.16114602,65.8,101,67,Sleeping
7/13/2022 0:00,29,36.09269878,65.8,103,66,Sleeping
7/13/2022 1:00,29,36.17899208,66.8,103,67,Sleeping
7/13/2022 2:00,29,36.14268284,66.8,104,65,Sleeping
7/13/2022 3:00,29,35.96427667,65.8,102,68,Sleeping
7/13/2022 4:00,29,36.2041016,66.8,101,66,Sleeping
7/13/2022 5:00,29,36.00355026,66.8,104,66,Sleeping
7/13/2022 6:00,28,35.92484081,66.8,103,68,Sleeping
7/13/2022 7:00,28,36.45148385,79.4611,107.5,71.5,Sitting
7/13/2022 8:00,29,36.62746079,131.6,109.89,70.21,Walking
7/13/2022 9:00,29,36.60705242,79.4611,109.5,71.5,Sitting
7/13/2022 10:00,30,36.72201224,79.4611,108.5,70.5,Sitting
7/13/2022 11:00,31,36.67329628,79.4611,108.5,70.5,Sitting
7/13/2022 12:00,32,36.74916799,130.6,108.89,71.21,Walking
7/13/2022 13:00,32,36.47959721,79.4611,107.5,71.5,Sitting
7/13/2022 14:00,32,36.52019523,80.4611,109.5,68.5,Sitting
7/13/2022 15:00,32,36.66843326,79.4611,108.5,70.5,Sitting
7/13/2022 16:00,32,36.64250377,130.6,108.89,72.21,Walking
7/13/2022 17:00,32,36.73154289,130.6,110.89,70.21,Walking
7/13/2022 18:00,32,36.51767935,79.4611,107.5,69.5,Sitting
7/13/2022 19:00,31,36.73210976,80.4611,109.5,70.5,Sitting
7/13/2022 20:00,30,36.64132167,131.6,109.89,72.21,Walking
7/13/2022 21:00,30,36.66975092,79.4611,109.5,71.5,Sitting
7/13/2022 22:00,30,36.60884492,80.4611,108.5,69.5,Sitting
7/13/2022 23:00,30,36.24011764,66.8,102,65,Sleeping
7/14/2022 0:00,30,36.08822001,66.8,102,66,Sleeping
7/14/2022 1:00,29,36.198976,66.8,104,68,Sleeping
7/14/2022 2:00,29,36.2501023,66.8,104,66,Sleeping
7/14/2022 3:00,29,36.04473524,65.8,103,68,Sleeping
7/14/2022 4:00,29,35.93057144,65.8,103,66,Sleeping
7/14/2022 5:00,29,36.24347828,66.8,104,65,Sleeping
7/14/2022 6:00,29,35.95189569,66.8,102,68,Sleeping
7/14/2022 7:00,28,36.07437042,65.8,101,66,Sleeping
7/14/2022 8:00,29,36.71273261,79.4611,108.5,69.5,Sitting
7/14/2022 9:00,30,36.75646385,130.6,108.89,72.21,Walking
7/14/2022 10:00,31,36.54849437,80.4611,108.5,70.5,Sitting
7/14/2022 11:00,32,36.50635264,80.4611,107.5,69.5,Sitting
7/14/2022 12:00,33,36.54918567,79.4611,107.5,69.5,Sitting
7/14/2022 13:00,33,36.71196052,130.6,107.89,72.21,Walking
7/14/2022 14:00,34,36.65610386,79.4611,108.5,70.5,Sitting
7/14/2022 15:00,35,36.49738877,79.4611,107.5,71.5,Sitting
7/14/2022 16:00,34,36.67775304,80.4611,108.5,69.5,Sitting
7/14/2022 17:00,34,36.70537724,131.6,109.89,70.21,Walking
7/14/2022 18:00,34,36.87357337,130.6,107.89,71.21,Walking
7/14/2022 19:00,33,36.47394886,79.4611,106.5,70.5,Sitting
7/14/2022 20:00,33,36.473713,80.4611,106.5,70.5,Sitting
7/14/2022 21:00,31,36.76858019,131.6,107.89,71.21,Walking
7/14/2022 22:00,31,36.46558425,80.4611,108.5,70.5,Sitting
7/14/2022 23:00,31,36.1633738,65.8,102,67,Sleeping
7/15/2022 0:00,30,36.11999507,66.8,102,66,Sleeping
7/15/2022 1:00,30,36.13542146,66.8,103,67,Sleeping
7/15/2022 2:00,29,35.93935443,66.8,103,67,Sleeping
7/15/2022 3:00,29,36.18951436,65.8,104,65,Sleeping
7/15/2022 4:00,29,36.16929908,66.8,101,65,Sleeping
7/15/2022 5:00,28,36.01070068,65.8,102,66,Sleeping
7/15/2022 6:00,27,36.07862422,66.8,101,68,Sleeping
7/15/2022 7:00,28,35.9513479,65.8,101,68,Sleeping
7/15/2022 8:00,29,36.24843736,66.8,101,66,Sleeping
7/15/2022 9:00,31,36.49862771,79.4611,108.5,70.5,Sitting
7/15/2022 10:00,31,36.85763065,131.6,109.89,72.21,Walking
7/15/2022 11:00,31,36.54153031,80.4611,106.5,70.5,Sitting
7/15/2022 12:00,33,36.89008501,131.6,107.89,72.21,Walking
7/15/2022 13:00,33,36.79026493,131.6,109.89,73.21,Walking
7/15/2022 14:00,33,36.68599535,80.4611,107.5,69.5,Sitting
7/15/2022 15:00,34,36.58642237,80.4611,108.5,70.5,Sitting
7/15/2022 16:00,34,35.87512387,66.8,101,66,Sleeping
7/15/2022 17:00,35,36.59618577,79.4611,106.5,71.5,Sitting
7/15/2022 18:00,34,36.69108478,131.6,109.89,71.21,Walking
7/15/2022 19:00,31,36.90717519,131.6,109.89,72.21,Walking
7/15/2022 20:00,30,36.48984905,79.4611,108.5,70.5,Sitting
7/15/2022 21:00,29,36.46427088,79.4611,106.5,70.5,Sitting
7/15/2022 22:00,28,36.70631822,79.4611,107.5,71.5,Sitting
7/15/2022 23:00,28,36.55177865,79.4611,107.5,68.5,Sitting
7/16/2022 0:00,28,36.93248977,130.6,107.89,72.21,Walking
7/16/2022 1:00,28,36.46501338,80.4611,107.5,70.5,Sitting
7/16/2022 2:00,29,36.69725789,79.4611,106.5,69.5,Sitting
7/16/2022 3:00,29,35.87973993,65.8,101,68,Sleeping
7/16/2022 4:00,28,35.95642121,66.8,101,68,Sleeping
7/16/2022 5:00,28,36.03279195,65.8,103,66,Sleeping
7/16/2022 6:00,28,35.97286019,65.8,104,68,Sleeping
7/16/2022 7:00,28,35.88649473,65.8,101,65,Sleeping
7/16/2022 8:00,28,35.8863622,65.8,101,67,Sleeping
7/16/2022 9:00,29,36.04446766,65.8,102,66,Sleeping
7/16/2022 10:00,30,36.02598251,66.8,104,66,Sleeping
7/16/2022 11:00,30,35.97272117,66.8,103,68,Sleeping
7/16/2022 12:00,31,36.12234865,65.8,104,68,Sleeping
7/16/2022 13:00,32,36.64655948,130.6,110.89,73.21,Walking
7/16/2022 14:00,32,36.61710843,80.4611,106.5,71.5,Sitting
7/16/2022 15:00,33,36.62768105,80.4611,108.5,68.5,Sitting
7/16/2022 16:00,33,36.58961001,79.4611,108.5,68.5,Sitting
7/16/2022 17:00,31,36.61020179,80.4611,107.5,70.5,Sitting
7/16/2022 18:00,31,36.82334445,130.6,109.89,72.21,Walking
7/16/2022 19:00,31,36.74073427,79.4611,108.5,70.5,Sitting
7/16/2022 20:00,29,36.41710295,80.4611,106.5,71.5,Sitting
7/16/2022 21:00,28,36.45847437,80.4611,106.5,69.5,Sitting
7/16/2022 22:00,29,36.68542995,79.4611,108.5,68.5,Sitting
7/16/2022 23:00,29,36.14116655,65.8,103,66,Sleeping
7/17/2022 0:00,29,35.89266749,66.8,101,68,Sleeping
7/17/2022 1:00,29,35.91328329,65.8,104,66,Sleeping
7/17/2022 2:00,29,36.18317977,65.8,103,66,Sleeping
7/17/2022 3:00,29,36.14953236,65.8,101,68,Sleeping
7/17/2022 4:00,29,36.05716502,66.8,104,67,Sleeping
7/17/2022 5:00,29,36.14127569,65.8,103,67,Sleeping
7/17/2022 6:00,29,35.9901643,65.8,102,65,Sleeping
7/17/2022 7:00,28,35.92797718,65.8,103,68,Sleeping
7/17/2022 8:00,28,36.65027136,79.4611,106.5,69.5,Sitting
7/17/2022 9:00,29,36.93114906,131.6,108.89,73.21,Walking
7/17/2022 10:00,30,36.45264597,80.4611,107.5,71.5,Sitting
7/17/2022 11:00,30,36.61563086,80.4611,106.5,71.5,Sitting
7/17/2022 12:00,31,36.53621447,80.4611,106.5,71.5,Sitting
7/17/2022 13:00,32,36.43956892,79.4611,107.5,68.5,Sitting
7/17/2022 14:00,31,36.75689879,79.4611,109.5,68.5,Sitting
7/17/2022 15:00,32,36.98770716,130.6,110.89,70.21,Walking
7/17/2022 16:00,33,36.78197973,131.6,107.89,71.21,Walking
7/17/2022 17:00,33,36.71929706,131.6,108.89,71.21,Walking
7/17/2022 18:00,31,36.87005018,130.6,110.89,73.21,Walking
7/17/2022 19:00,31,36.68300218,80.4611,107.5,69.5,Sitting
7/17/2022 20:00,30,36.67575477,79.4611,106.5,71.5,Sitting
7/17/2022 21:00,30,36.85937743,130.6,107.89,72.21,Walking
7/17/2022 22:00,29,36.62203548,79.4611,109.5,69.5,Sitting
7/17/2022 23:00,29,36.00681936,66.8,104,66,Sleeping
7/18/2022 0:00,29,36.1766611,66.8,103,67,Sleeping
7/18/2022 1:00,28,36.16481194,65.8,102,68,Sleeping
7/18/2022 2:00,28,36.25022346,65.8,102,65,Sleeping
7/18/2022 3:00,28,36.08269076,66.8,102,66,Sleeping
7/18/2022 4:00,28,36.18595089,66.8,104,66,Sleeping
7/18/2022 5:00,28,36.21941786,65.8,102,68,Sleeping
7/18/2022 6:00,28,35.88058977,66.8,101,66,Sleeping
7/18/2022 7:00,28,36.20675126,65.8,104,67,Sleeping
7/18/2022 8:00,28,36.43103655,79.4611,109.5,69.5,Sitting
7/18/2022 9:00,29,36.88868366,131.6,109.89,72.21,Walking
7/18/2022 10:00,29,36.42043033,79.4611,108.5,68.5,Sitting
7/18/2022 11:00,30,36.62255937,79.4611,108.5,71.5,Sitting
7/18/2022 12:00,31,36.71624624,80.4611,108.5,69.5,Sitting
7/18/2022 13:00,31,36.79614522,130.6,109.89,73.21,Walking
7/18/2022 14:00,32,36.5540175,80.4611,108.5,69.5,Sitting
7/18/2022 15:00,32,36.74373617,80.4611,109.5,70.5,Sitting
7/18/2022 16:00,32,36.51527731,80.4611,106.5,68.5,Sitting
7/18/2022 17:00,31,36.96538535,131.6,108.89,71.21,Walking
7/18/2022 18:00,31,36.86901846,131.6,109.89,72.21,Walking
7/18/2022 19:00,30,36.76086696,80.4611,107.5,69.5,Sitting
7/18/2022 20:00,29,36.6376825,80.4611,109.5,71.5,Sitting
7/18/2022 21:00,28,36.71294062,131.6,110.89,70.21,Walking
7/18/2022 22:00,28,36.42361572,79.4611,106.5,68.5,Sitting
7/18/2022 23:00,29,36.19425806,65.8,104,66,Sleeping
7/19/2022 0:00,28,36.20809473,66.8,101,67,Sleeping
7/19/2022 1:00,28,36.09691531,66.8,102,67,Sleeping
7/19/2022 2:00,28,36.20231154,66.8,103,68,Sleeping
7/19/2022 3:00,28,35.88021609,66.8,103,66,Sleeping
7/19/2022 4:00,28,35.91213966,65.8,101,67,Sleeping
7/19/2022 5:00,28,35.96721306,65.8,102,67,Sleeping
7/19/2022 6:00,28,35.99276068,66.8,103,66,Sleeping
7/19/2022 7:00,28,35.98866899,66.8,102,66,Sleeping
7/19/2022 8:00,28,36.40206689,80.4611,109.5,68.5,Sitting
7/19/2022 9:00,29,36.77242593,131.6,108.89,71.21,Walking
7/19/2022 10:00,30,36.73670936,80.4611,109.5,69.5,Sitting
7/19/2022 11:00,30,36.47768871,80.4611,107.5,71.5,Sitting
7/19/2022 12:00,31,36.72745303,80.4611,109.5,71.5,Sitting
7/19/2022 13:00,31,36.96665315,130.6,107.89,70.21,Walking
7/19/2022 14:00,31,36.73755108,131.6,110.89,71.21,Walking
7/19/2022 15:00,31,36.69333295,80.4611,108.5,71.5,Sitting
7/19/2022 16:00,31,36.6606247,131.6,109.89,70.21,Walking
7/19/2022 17:00,31,36.954,131.6,110.89,71.21,Walking
7/19/2022 18:00,31,36.65863208,131.6,108.89,73.21,Walking
7/19/2022 19:00,31,36.75654399,79.4611,108.5,69.5,Sitting
7/19/2022 20:00,30,36.69330396,80.4611,108.5,71.5,Sitting
7/19/2022 21:00,29,36.70658481,131.6,109.89,71.21,Walking
7/19/2022 22:00,29,36.75864315,79.4611,108.5,70.5,Sitting
7/19/2022 23:00,30,35.97638222,65.8,102,65,Sleeping
7/20/2022 0:00,29,35.9142308,66.8,103,68,Sleeping
7/20/2022 1:00,29,36.09320834,66.8,102,65,Sleeping
7/20/2022 2:00,29,36.07356356,66.8,101,68,Sleeping
7/20/2022 3:00,29,35.98408389,66.8,104,65,Sleeping
7/20/2022 4:00,29,36.02677592,66.8,104,65,Sleeping
7/20/2022 5:00,29,35.9461132,66.8,104,67,Sleeping
7/20/2022 6:00,29,36.24338245,65.8,102,67,Sleeping
7/20/2022 7:00,28,36.0760594,65.8,101,65,Sleeping
7/20/2022 8:00,29,36.50175348,80.4611,107.5,70.5,Sitting
7/20/2022 9:00,29,36.69784983,131.6,107.89,73.21,Walking
7/20/2022 10:00,30,36.56590775,79.4611,107.5,70.5,Sitting
7/20/2022 11:00,31,36.52444984,79.4611,107.5,69.5,Sitting
7/20/2022 12:00,31,36.53369264,80.4611,109.5,68.5,Sitting
7/20/2022 13:00,31,36.72654463,130.6,109.89,72.21,Walking
7/20/2022 14:00,31,36.70409839,131.6,110.89,73.21,Walking
7/20/2022 15:00,32,36.49342289,80.4611,108.5,71.5,Sitting
7/20/2022 16:00,32,36.78583474,130.6,110.89,71.21,Walking
7/20/2022 17:00,31,36.99184437,131.6,107.89,71.21,Walking
7/20/2022 18:00,31,36.89585347,130.6,110.89,73.21,Walking
7/20/2022 19:00,30,36.6883477,79.4611,108.5,69.5,Sitting
7/20/2022 20:00,30,36.46671624,79.4611,106.5,68.5,Sitting
7/20/2022 21:00,29,36.64438914,131.6,108.89,73.21,Walking
7/20/2022 22:00,29,36.76699155,80.4611,108.5,68.5,Sitting
7/20/2022 23:00,29,36.41680552,79.4611,106.5,68.5,Sitting
7/21/2022 0:00,29,36.12266706,66.8,104,65,Sleeping
7/21/2022 1:00,29,35.91438248,66.8,103,66,Sleeping
7/21/2022 2:00,29,36.23047493,65.8,103,66,Sleeping
7/21/2022 3:00,29,35.88480093,65.8,102,65,Sleeping
7/21/2022 4:00,29,35.99769452,66.8,101,68,Sleeping
7/21/2022 5:00,29,36.25766232,66.8,101,66,Sleeping
7/21/2022 6:00,28,36.05392796,66.8,103,68,Sleeping
7/21/2022 7:00,28,36.2562384,65.8,103,65,Sleeping
7/21/2022 8:00,29,36.6375684,79.4611,106.5,71.5,Sitting
7/21/2022 9:00,29,36.71968191,130.6,109.89,71.21,Walking
7/21/2022 10:00,30,36.54012981,80.4611,106.5,69.5,Sitting
7/21/2022 11:00,31,36.44408751,80.4611,107.5,68.5,Sitting
7/21/2022 12:00,31,36.72857217,80.4611,106.5,68.5,Sitting
7/21/2022 13:00,31,36.40316036,79.4611,109.5,69.5,Sitting
7/21/2022 14:00,32,36.65078392,79.4611,106.5,71.5,Sitting
7/21/2022 15:00,32,36.94323169,131.6,108.89,70.21,Walking
7/21/2022 16:00,32,36.95335587,131.6,108.89,73.21,Walking
7/21/2022 17:00,31,36.75328157,131.6,108.89,71.21,Walking
7/21/2022 18:00,31,36.68813947,130.6,109.89,73.21,Walking
7/21/2022 19:00,30,36.41247141,79.4611,109.5,70.5,Sitting
7/21/2022 20:00,30,36.54653591,79.4611,108.5,68.5,Sitting
7/21/2022 21:00,29,36.72537173,130.6,109.89,71.21,Walking
7/21/2022 22:00,29,36.51257212,80.4611,106.5,69.5,Sitting
7/21/2022 23:00,29,36.92665887,131.6,109.89,72.21,Walking
7/22/2022 0:00,29,36.86625193,130.6,107.89,70.21,Walking
7/22/2022 1:00,29,35.93934828,66.8,101,66,Sleeping
7/22/2022 2:00,29,36.23889534,66.8,103,67,Sleeping
7/22/2022 3:00,29,36.01060492,66.8,101,66,Sleeping
7/22/2022 4:00,29,36.26332345,65.8,103,67,Sleeping
7/22/2022 5:00,29,36.20255729,65.8,102,67,Sleeping
7/22/2022 6:00,29,36.16549963,66.8,101,67,Sleeping
7/22/2022 7:00,29,36.72325273,131.6,108.89,71.21,Walking
7/22/2022 8:00,29,36.89818231,130.6,107.89,70.21,Walking
7/22/2022 9:00,29,36.45378469,80.4611,109.5,70.5,Sitting
7/22/2022 10:00,30,36.68068563,80.4611,109.5,68.5,Sitting
7/22/2022 11:00,30,36.41344615,79.4611,108.5,71.5,Sitting
7/22/2022 12:00,31,36.80606194,130.6,107.89,73.21,Walking
7/22/2022 13:00,31,36.64527,131.6,110.89,70.21,Walking
7/22/2022 14:00,31,37.00159544,131.6,107.89,71.21,Walking
7/22/2022 15:00,31,36.02810363,65.8,103,65,Sleeping
7/22/2022 16:00,31,36.26867708,66.8,102,66,Sleeping
7/22/2022 17:00,31,36.49168477,80.4611,108.5,70.5,Sitting
7/22/2022 18:00,31,36.62766008,130.6,109.89,70.21,Walking
7/22/2022 19:00,31,36.67558652,130.6,107.89,70.21,Walking
7/22/2022 20:00,30,36.69813877,80.4611,107.5,69.5,Sitting
7/22/2022 21:00,29,36.4297738,79.4611,109.5,68.5,Sitting
7/22/2022 22:00,29,36.72594968,80.4611,108.5,68.5,Sitting
7/22/2022 23:00,29,36.67215518,130.6,107.89,73.21,Walking
7/23/2022 0:00,29,36.79440282,131.6,108.89,71.21,Walking
7/23/2022 1:00,29,36.11547182,66.8,101,67,Sleeping
7/23/2022 2:00,29,36.11638514,66.8,103,66,Sleeping
7/23/2022 3:00,29,36.20096256,65.8,102,68,Sleeping
7/23/2022 4:00,29,36.21420312,65.8,104,67,Sleeping
7/23/2022 5:00,29,35.9989475,66.8,104,65,Sleeping
7/23/2022 6:00,29,36.1385382,65.8,104,68,Sleeping
7/23/2022 7:00,29,36.08919986,65.8,104,68,Sleeping
7/23/2022 8:00,29,36.25366265,65.8,102,67,Sleeping
7/23/2022 9:00,28,36.14568757,65.8,103,67,Sleeping
7/23/2022 10:00,28,35.88298208,65.8,104,68,Sleeping
7/23/2022 11:00,29,36.72499785,130.6,110.89,72.21,Walking
7/23/2022 12:00,30,36.64452564,80.4611,106.5,70.5,Sitting
7/23/2022 13:00,31,36.73039495,131.6,107.89,73.21,Walking
7/23/2022 14:00,30,36.65801552,131.6,110.89,73.21,Walking
7/23/2022 15:00,31,36.42723113,80.4611,109.5,69.5,Sitting
7/23/2022 16:00,31,36.70059036,79.4611,107.5,70.5,Sitting
7/23/2022 17:00,31,36.62917077,79.4611,108.5,70.5,Sitting
7/23/2022 18:00,31,36.69616109,130.6,107.89,70.21,Walking
7/23/2022 19:00,29,36.5775297,80.4611,109.5,68.5,Sitting
7/23/2022 20:00,30,36.69806344,131.6,108.89,71.21,Walking
7/23/2022 21:00,29,36.69334355,130.6,107.89,71.21,Walking
7/23/2022 22:00,29,36.52085752,79.4611,108.5,69.5,Sitting
7/23/2022 23:00,29,36.03261174,66.8,101,68,Sleeping
7/24/2022 0:00,29,36.23446356,65.8,102,68,Sleeping
7/24/2022 1:00,29,35.9260806,65.8,104,67,Sleeping
7/24/2022 2:00,29,36.22839697,65.8,101,65,Sleeping
7/24/2022 3:00,29,36.18569528,65.8,101,68,Sleeping
7/24/2022 4:00,29,36.21065823,65.8,102,65,Sleeping
7/24/2022 5:00,29,36.03105777,66.8,104,65,Sleeping
7/24/2022 6:00,28,36.25492591,66.8,104,68,Sleeping
7/24/2022 7:00,28,36.17663734,66.8,104,67,Sleeping
7/24/2022 8:00,28,36.68230503,79.4611,108.5,68.5,Sitting
7/24/2022 9:00,28,36.94513762,130.6,107.89,71.21,Walking
7/24/2022 10:00,28,36.68401048,80.4611,108.5,71.5,Sitting
7/24/2022 11:00,28,36.62104178,79.4611,108.5,70.5,Sitting
7/24/2022 12:00,27,36.76431275,79.4611,109.5,70.5,Sitting
7/24/2022 13:00,27,37.00984479,130.6,108.89,70.21,Walking
7/24/2022 14:00,27,36.3716701,80.4611,108.5,68.5,Sitting
7/24/2022 15:00,28,36.70941485,79.4611,109.5,68.5,Sitting
7/24/2022 16:00,28,36.55918833,79.4611,107.5,69.5,Sitting
7/24/2022 17:00,27,36.95403974,131.6,109.89,71.21,Walking
7/24/2022 18:00,27,36.81830597,130.6,108.89,72.21,Walking
7/24/2022 19:00,27,36.48961816,80.4611,107.5,70.5,Sitting
7/24/2022 20:00,27,36.4803775,79.4611,108.5,71.5,Sitting
7/24/2022 21:00,27,36.97831527,131.6,107.89,70.21,Walking
7/24/2022 22:00,27,36.47390371,79.4611,108.5,69.5,Sitting
7/24/2022 23:00,27,36.4690765,80.4611,109.5,69.5,Sitting
7/25/2022 0:00,26,36.21390859,66.8,101,65,Sleeping
7/25/2022 1:00,26,36.24619619,65.8,103,68,Sleeping
7/25/2022 2:00,26,35.90011933,66.8,103,68,Sleeping
7/25/2022 3:00,26,36.13343046,66.8,102,67,Sleeping
7/25/2022 4:00,26,36.16972127,66.8,101,67,Sleeping
7/25/2022 5:00,26,36.10716005,66.8,103,65,Sleeping
7/25/2022 6:00,26,36.249583,65.8,104,66,Sleeping
7/25/2022 7:00,26,35.95581858,65.8,104,66,Sleeping
7/25/2022 8:00,26,36.38771467,79.4611,107.5,71.5,Sitting
7/25/2022 9:00,26,36.62604634,131.6,109.89,73.21,Walking
7/25/2022 10:00,27,36.72885001,80.4611,108.5,69.5,Sitting
7/25/2022 11:00,27,36.39801326,79.4611,109.5,68.5,Sitting
7/25/2022 12:00,27,36.40481896,80.4611,107.5,70.5,Sitting
7/25/2022 13:00,27,36.43711084,79.4611,107.5,68.5,Sitting
7/25/2022 14:00,28,36.61441308,79.4611,107.5,70.5,Sitting
7/25/2022 15:00,27,36.84408457,131.6,109.89,71.21,Walking
7/25/2022 16:00,28,36.88220545,131.6,109.89,70.21,Walking
7/25/2022 17:00,28,36.63071622,131.6,107.89,70.21,Walking
7/25/2022 18:00,28,36.62181067,131.6,107.89,72.21,Walking
7/25/2022 19:00,28,36.45829691,79.4611,106.5,68.5,Sitting
7/25/2022 20:00,28,36.55200056,80.4611,106.5,71.5,Sitting
7/25/2022 21:00,28,36.7481906,130.6,108.89,70.21,Walking
7/25/2022 22:00,28,36.67038977,80.4611,109.5,70.5,Sitting
7/25/2022 23:00,27,36.25014006,66.8,104,65,Sleeping
7/26/2022 0:00,27,35.87514207,65.8,104,65,Sleeping
7/26/2022 1:00,27,36.09622306,65.8,104,65,Sleeping
7/26/2022 2:00,27,36.01428382,66.8,101,67,Sleeping
7/26/2022 3:00,27,36.05377458,65.8,102,68,Sleeping
7/26/2022 4:00,27,35.92744324,65.8,101,66,Sleeping
7/26/2022 5:00,27,36.19399683,65.8,103,67,Sleeping
7/26/2022 6:00,26,36.16546251,66.8,101,67,Sleeping
7/26/2022 7:00,26,36.57665742,80.4611,107.5,68.5,Sitting
7/26/2022 8:00,27,36.72784185,131.6,108.89,70.21,Walking
7/26/2022 9:00,27,36.50034745,79.4611,109.5,70.5,Sitting
7/26/2022 10:00,28,36.71170015,79.4611,107.5,70.5,Sitting
7/26/2022 11:00,28,36.38798944,80.4611,109.5,70.5,Sitting
7/26/2022 12:00,29,36.92042101,131.6,108.89,70.21,Walking
7/26/2022 13:00,29,36.65127548,80.4611,107.5,71.5,Sitting
7/26/2022 14:00,30,36.51978057,80.4611,108.5,69.5,Sitting
7/26/2022 15:00,30,36.42442363,79.4611,106.5,70.5,Sitting
7/26/2022 16:00,30,36.66987371,131.6,110.89,70.21,Walking
7/26/2022 17:00,30,36.87784944,130.6,109.89,71.21,Walking
7/26/2022 18:00,29,36.56968874,80.4611,107.5,68.5,Sitting
7/26/2022 19:00,29,36.47998024,80.4611,107.5,70.5,Sitting
7/26/2022 20:00,28,36.85124054,130.6,108.89,72.21,Walking
7/26/2022 21:00,28,36.62400383,79.4611,106.5,70.5,Sitting
7/26/2022 22:00,28,36.484854,79.4611,106.5,68.5,Sitting
7/26/2022 23:00,28,36.24965265,66.8,104,65,Sleeping
7/27/2022 0:00,28,36.03471842,65.8,103,65,Sleeping
7/27/2022 1:00,28,36.08398599,65.8,104,67,Sleeping
7/27/2022 2:00,28,36.01544618,66.8,102,66,Sleeping
7/27/2022 3:00,27,36.11720799,66.8,103,65,Sleeping
7/27/2022 4:00,27,36.04754585,66.8,103,65,Sleeping
7/27/2022 5:00,26,36.03449206,65.8,103,68,Sleeping
7/27/2022 6:00,26,36.1325899,65.8,103,65,Sleeping
7/27/2022 7:00,26,36.12016344,66.8,103,68,Sleeping
7/27/2022 8:00,26,36.15902876,66.8,102,67,Sleeping
7/27/2022 9:00,27,36.65688906,79.4611,109.5,71.5,Sitting
7/27/2022 10:00,27,36.74327922,130.6,109.89,71.21,Walking
7/27/2022 11:00,28,36.74884444,80.4611,108.5,71.5,Sitting
7/27/2022 12:00,28,36.44799707,80.4611,107.5,71.5,Sitting
7/27/2022 13:00,29,36.76722205,79.4611,106.5,70.5,Sitting
7/27/2022 14:00,29,36.70278009,130.6,107.89,73.21,Walking
7/27/2022 15:00,30,36.91611944,130.6,107.89,70.21,Walking
7/27/2022 16:00,30,36.43054811,79.4611,106.5,71.5,Sitting
7/27/2022 17:00,30,36.67504995,131.6,110.89,72.21,Walking
7/27/2022 18:00,30,36.70405707,130.6,107.89,71.21,Walking
7/27/2022 19:00,29,36.73021246,130.6,108.89,73.21,Walking
7/27/2022 20:00,29,36.67467233,80.4611,109.5,71.5,Sitting
7/27/2022 21:00,28,36.43855204,80.4611,107.5,69.5,Sitting
7/27/2022 22:00,28,36.77070081,131.6,109.89,73.21,Walking
7/27/2022 23:00,28,36.43859194,79.4611,109.5,69.5,Sitting
7/28/2022 0:00,28,35.92705082,66.8,103,67,Sleeping
7/28/2022 1:00,28,36.15019358,66.8,101,65,Sleeping
7/28/2022 2:00,28,36.20239038,66.8,104,65,Sleeping
7/28/2022 3:00,28,35.89835552,65.8,101,66,Sleeping
7/28/2022 4:00,27,36.040465,66.8,104,66,Sleeping
7/28/2022 5:00,27,36.16689586,65.8,101,65,Sleeping
7/28/2022 6:00,27,35.94554261,66.8,104,66,Sleeping
7/28/2022 7:00,27,35.8829456,66.8,104,67,Sleeping
7/28/2022 8:00,27,36.68728852,131.6,109.89,70.21,Walking
7/28/2022 9:00,28,36.65954997,131.6,110.89,73.21,Walking
7/28/2022 10:00,28,36.61141177,80.4611,109.5,70.5,Sitting
7/28/2022 11:00,29,36.87414261,130.6,109.89,73.21,Walking
7/28/2022 12:00,29,36.7311425,131.6,108.89,72.21,Walking
7/28/2022 13:00,30,36.7690963,80.4611,107.5,68.5,Sitting
7/28/2022 14:00,29,36.57406625,79.4611,109.5,70.5,Sitting
7/28/2022 15:00,30,36.65521699,80.4611,107.5,68.5,Sitting
7/28/2022 16:00,30,36.9200156,131.6,107.89,72.21,Walking
7/28/2022 17:00,30,36.68683334,80.4611,108.5,69.5,Sitting
7/28/2022 18:00,29,36.82739393,130.6,108.89,70.21,Walking
7/28/2022 19:00,29,36.92059277,130.6,109.89,72.21,Walking
7/28/2022 20:00,28,36.62702254,80.4611,107.5,68.5,Sitting
7/28/2022 21:00,28,36.85419736,130.6,109.89,70.21,Walking
7/28/2022 22:00,28,37.00411487,131.6,108.89,73.21,Walking
7/28/2022 23:00,28,36.94535806,131.6,107.89,72.21,Walking
7/29/2022 0:00,28,36.03280338,66.8,104,68,Sleeping
7/29/2022 1:00,28,36.11905803,66.8,104,66,Sleeping
7/29/2022 2:00,28,36.11794757,65.8,103,66,Sleeping
7/29/2022 3:00,28,36.12133463,66.8,104,68,Sleeping
7/29/2022 4:00,27,36.06219609,65.8,102,66,Sleeping
7/29/2022 5:00,27,36.22489409,66.8,102,68,Sleeping
7/29/2022 6:00,27,36.0299592,66.8,102,66,Sleeping
7/29/2022 7:00,27,36.10273006,65.8,104,66,Sleeping
7/29/2022 8:00,27,36.65222705,130.6,108.89,71.21,Walking
7/29/2022 9:00,28,36.55168039,80.4611,109.5,70.5,Sitting
7/29/2022 10:00,29,36.46401986,80.4611,106.5,71.5,Sitting
7/29/2022 11:00,29,36.53907937,79.4611,107.5,69.5,Sitting
7/29/2022 12:00,30,36.61502228,80.4611,107.5,71.5,Sitting
7/29/2022 13:00,30,37.00542341,131.6,109.89,73.21,Walking
7/29/2022 14:00,30,36.71034236,79.4611,107.5,70.5,Sitting
7/29/2022 15:00,31,36.71627835,131.6,110.89,73.21,Walking
7/29/2022 16:00,31,36.9718428,130.6,109.89,72.21,Walking
7/29/2022 17:00,30,36.75764047,130.6,109.89,72.21,Walking
7/29/2022 18:00,30,36.61283484,79.4611,106.5,68.5,Sitting
7/29/2022 19:00,29,36.5093082,80.4611,107.5,71.5,Sitting
7/29/2022 20:00,28,36.65498042,130.6,108.89,70.21,Walking
7/29/2022 21:00,28,36.46606401,80.4611,109.5,68.5,Sitting
7/29/2022 22:00,28,36.03159154,66.8,101,68,Sleeping
7/29/2022 23:00,28,36.2492864,65.8,103,65,Sleeping
7/30/2022 0:00,28,36.24487478,66.8,101,68,Sleeping
7/30/2022 1:00,28,35.88291606,66.8,103,65,Sleeping
7/30/2022 2:00,28,35.92567848,66.8,103,65,Sleeping
7/30/2022 3:00,28,36.11048454,65.8,103,67,Sleeping
7/30/2022 4:00,28,36.68202859,80.4611,109.5,70.5,Sitting
7/30/2022 5:00,28,36.16257124,65.8,101,67,Sleeping
7/30/2022 6:00,28,36.2041534,65.8,102,65,Sleeping
7/30/2022 7:00,27,36.54937822,80.4611,109.5,68.5,Sitting
7/30/2022 8:00,28,36.56343686,79.4611,109.5,70.5,Sitting
7/30/2022 9:00,28,36.51603786,80.4611,109.5,71.5,Sitting
7/30/2022 10:00,29,36.71062725,79.4611,106.5,68.5,Sitting
7/30/2022 11:00,29,36.95513098,130.6,109.89,72.21,Walking
7/30/2022 12:00,30,36.83176623,131.6,108.89,71.21,Walking
7/30/2022 13:00,29,36.59594795,79.4611,108.5,71.5,Sitting
7/30/2022 14:00,30,36.54534134,79.4611,108.5,71.5,Sitting
7/30/2022 15:00,30,36.6785328,130.6,109.89,73.21,Walking
7/30/2022 16:00,30,36.50469333,79.4611,107.5,71.5,Sitting
7/30/2022 17:00,30,36.70434511,80.4611,107.5,70.5,Sitting
7/30/2022 18:00,30,36.91972595,131.6,109.89,72.21,Walking
7/30/2022 19:00,29,36.62340573,131.6,107.89,71.21,Walking
7/30/2022 20:00,29,36.6178198,79.4611,108.5,71.5,Sitting
7/30/2022 21:00,28,36.76903869,130.6,107.89,73.21,Walking
7/30/2022 22:00,28,36.91209131,130.6,109.89,70.21,Walking
7/30/2022 23:00,28,36.40114641,79.4611,107.5,70.5,Sitting
